Digitalización aplicada a los sectores productivos (GS) ( Virtual ),16984
Elementos de máquinas ( Virtual ),16986
Inglés profesional ( Virtual ),16989
Itinerario personal para la empleabilidad I ( Virtual ),16991
Procesos de fabricación ( Virtual ),16993
Representación gráfica de sistemas mecatrónicos ( Virtual ),16995
Sistemas eléctricos y electrónicos ( Virtual ),16998
Sistemas hidráulico y neumático ( Virtual ),17000
Configuración de sistemas mecatrónicos ( Virtual ),17003
Formación en Empresa u Organismo Equiparado (FEOE),20309
Integración de sistemas ( Virtual ),17006
Itinerario personal para la empleabilidad II ( Virtual ),17008
Módulo profesional optativo ( Virtual ),17010
Procesos y gestión del mantenimiento y calidad ( Virtual ),17012
Proyecto intermodular de mecatrónica industrial ( Virtual ),17015
Simulación de sistemas mecatrónicos ( Virtual ),17017
Sistemas mecánicos ( Virtual ),17020
Sostenibilidad aplicada al sistema productivo ( Virtual ),17022
