SMR - Formación en Empresa u Organismo Equiparado,50020125-IFC201-feoe,50020125-IFC201-20295
ASIR - Formación en Empresa u Organismo Equiparado,50020125-IFC301-feoe,50020125-IFC301-20306
DAM - Formación en Empresa u Organismo Equiparado,50020125-IFC302-feoe,50020125-IFC302-20307
DAW - Formación en Empresa u Organismo Equiparado,50020125-IFC303-feoe,50020125-IFC303-20308
DAM - Formación en Empresa u Organismo Equiparado,44010537-IFC302-feoe,44010537-IFC302-20307
AD - Formación en Empresa u Organismo Equiparado,50018829-ADG302-feoe,50018829-ADG302-20300
AF - Formación en Empresa u Organismo Equiparado,50018829-ADG301-feoe,50018829-ADG301-20299
LACC - Formación en Empresa u Organismo Equiparado,50018829-QUI301-feoe,50018829-QUI301-20311
AC - Formación en Empresa u Organismo Equiparado,50010314-COM201-feoe,50010314-COM201-20293
CI - Formación en Empresa u Organismo Equiparado,50010314-COM301-feoe,50010314-COM301-20301
GVEC - Formación en Empresa u Organismo Equiparado,50010314-COM302-feoe,50010314-COM302-20302
TL - Formación en Empresa u Organismo Equiparado,50010314-COM303-feoe,50010314-COM303-20303
PAE - Formación en Empresa u Organismo Equiparado,50010314-IMS302-feoe,50010314-IMS302-20310
SMR - Formación en Empresa u Organismo Equiparado,50010314-IFC201-feoe,50010314-IFC201-20295
DAW - Formación en Empresa u Organismo Equiparado,50010314-IFC303-feoe,50010314-IFC303-20308
IEA - Formación en Empresa u Organismo Equiparado,22010712-ELE202-feoe,22010712-ELE202-20294
ECA - Formación en Empresa u Organismo Equiparado,44003028-SEA301-feoe,44003028-SEA301-20312
EI - Formación en Empresa u Organismo Equiparado,50009348-SSC302-feoe,50009348-SSC302-20313
MI - Formación en Empresa u Organismo Equiparado,44004550-IMA302-feoe,44004550-IMA302-20309
APSD - Formación en Empresa u Organismo Equiparado,50008460-SSC201-feoe,50008460-SSC201-20298
IS - Formación en Empresa u Organismo Equiparado,50008642-SSC303-feoe,50008642-SSC303-20314
EI - Formación en Empresa u Organismo Equiparado,22004611-SSC302-feoe,22004611-SSC302-20313
AVGE - Formación en Empresa u Organismo Equiparado,50010156-HOT301-feoe,50010156-HOT301-20305
ASIR - Formación en Empresa u Organismo Equiparado,50010144-IFC301-feoe,50010144-IFC301-20306
FP - Formación en Empresa u Organismo Equiparado,50009567-SAN202-feoe,50009567-SAN202-20296
ES - Formación en Empresa u Organismo Equiparado,50009567-SAN203-feoe,50009567-SAN203-20297
STI - Formación en Empresa u Organismo Equiparado,50009567-ELE304-feoe,50009567-ELE304-20304
GA - Formación en Empresa u Organismo Equiparado,44003211-ADG201-feoe,44003211-ADG201-20292
GA - Formación en Empresa u Organismo Equiparado,22002521-ADG201-feoe,22002521-ADG201-20292
GA - Formación en Empresa u Organismo Equiparado,50010511-ADG201-feoe,50010511-ADG201-20292
ES - Formación en Empresa u Organismo Equiparado,44003235-SAN203-feoe,44003235-SAN203-20297
