MI - Configuración de sistemas mecatrónicos,44004550-IMA302-0008
MI - Coordinación  - Tutoría,44004550-IMA302-0001
MI - Digitalización aplicada a los sectores productivos (GS),44004550-IMA302-0015
MI - Elementos de máquinas,44004550-IMA302-0011
MI - Formación en Empresa u Organismo Equiparado,44004550-IMA302-0019
MI - Inglés profesional,44004550-IMA302-0017
MI - Integración de sistemas,44004550-IMA302-0006
MI - IPE I - Itinerario personal para la empleabilidad I,44004550-IMA302-0013
MI - IPE II - Itinerario personal para la empleabilidad II,44004550-IMA302-0014
MI - Módulo profesional optativo,44004550-IMA302-0018
MI - Procesos de  fabricación,44004550-IMA302-0009
MI - Procesos de gestión del mantenimiento y calidad,44004550-IMA302-0002
MI - Proyecto intermodular de mecatrónica industrial,44004550-IMA302-0012
MI - Representación gráfica de sistemas mecatrónicos,44004550-IMA302-0010
MI - Simulación de sistemas mecatrónicos,44004550-IMA302-0007
MI - Sistemas eléctrico y electrónicos,44004550-IMA302-0005
MI - Sistemas hidráulico y neumático,44004550-IMA302-0004
MI - Sistemas mecánicos,44004550-IMA302-0003
MI - Sostenibilidad aplicada al sistema productivo,44004550-IMA302-0016
